0.524972,0.620752,0.626619,0.606651,0.610444,0.628464,0.650072,0.645074,0.609505,0.553731,0.584708,0.566378,0.557348,0.579054,0.582438,0.590186,0.569158,0.53595,0.540866,0.610221,0.591879,0.60898,0.593884,0.609846,0.629476,0.655412,0.63544,0.611565,0.657348,0.634128,0.609099,0.59635,0.612383,0.603176,0.612438,0.63321
0.466667,0.626145,0.62323,0.626904,0.635619,0.628249,0.656408,0.652279,0.632285,0.580039,0.623885,0.58137,0.591327,0.587183,0.614667,0.607892,0.610677,0.548892,0.591916,0.610228,0.634098,0.604085,0.597205,0.602989,0.612785,0.62669,0.620625,0.620225,0.693557,0.63329,0.62391,0.60721,0.619712,0.620771,0.640905,0.586933
0.393998,0.579229,0.576744,0.581073,0.592022,0.591998,0.592252,0.62031,0.56393,0.54696,0.563852,0.536199,0.550069,0.559282,0.561704,0.593118,0.590052,0.51918,0.526296,0.606692,0.57843,0.590312,0.57097,0.569589,0.569239,0.583293,0.572395,0.594254,0.654915,0.616457,0.596227,0.598048,0.581122,0.606168,0.600876,0.525108
0.332465,0.511921,0.511835,0.488781,0.508357,0.494845,0.509793,0.500343,0.492076,0.45975,0.495944,0.538506,0.558121,0.54966,0.573194,0.543849,0.545898,0.481716,0.47141,0.542962,0.557543,0.520197,0.508892,0.502918,0.525925,0.497344,0.4856,0.51068,0.578719,0.56047,0.544357,0.533766,0.557419,0.56861,0.531498,0.463476
0.250623,0.440991,0.442507,0.444797,0.444473,0.474544,0.483317,0.522553,0.438413,0.43535,0.444548,0.433416,0.41844,0.43295,0.394474,0.431153,0.414669,0.380188,0.371407,0.436113,0.470012,0.436016,0.45898,0.457344,0.479935,0.476059,0.484408,0.470505,0.564432,0.515996,0.500708,0.476726,0.479623,0.448827,0.430007,0.357582
0.254628,0.412585,0.438557,0.424378,0.45105,0.433743,0.46286,0.478515,0.458713,0.398471,0.405729,0.401472,0.392975,0.393463,0.40645,0.414589,0.402015,0.378002,0.392753,0.431973,0.429924,0.433581,0.41947,0.437318,0.451218,0.468044,0.437611,0.468858,0.495578,0.508577,0.46345,0.467072,0.42048,0.475201,0.405774,0.339308
0.254511,0.413708,0.374703,0.41807,0.445174,0.434981,0.438337,0.502902,0.459854,0.389892,0.421112,0.41399,0.416012,0.385117,0.414693,0.37652,0.409459,0.372993,0.395096,0.41723,0.397042,0.40208,0.429755,0.422127,0.463915,0.469084,0.433806,0.427232,0.549887,0.467076,0.478446,0.432051,0.45538,0.402999,0.424881,0.337763
0.198054,0.32532,0.35561,0.350494,0.383089,0.353449,0.409623,0.424145,0.40356,0.299342,0.366768,0.374799,0.353187,0.353366,0.335859,0.338987,0.34519,0.305831,0.300856,0.359297,0.35512,0.363778,0.37691,0.375695,0.405472,0.403553,0.372325,0.375048,0.448339,0.429392,0.365465,0.40128,0.364055,0.386396,0.335042,0.275962
0.18124,0.326514,0.306291,0.297371,0.300331,0.330895,0.336419,0.375599,0.339182,0.313328,0.36032,0.362743,0.34197,0.35027,0.335166,0.348039,0.3555,0.351598,0.3209,0.370548,0.339532,0.336372,0.339651,0.335887,0.355078,0.375962,0.338078,0.324787,0.363983,0.345038,0.302287,0.286575,0.295001,0.303737,0.285846,0.223504
0.207967,0.330028,0.342658,0.324105,0.318259,0.315182,0.349095,0.368757,0.356951,0.332911,0.387375,0.386825,0.356984,0.350027,0.373074,0.374511,0.393303,0.338151,0.33897,0.360699,0.361269,0.354837,0.34235,0.326879,0.373887,0.378377,0.343751,0.338335,0.384415,0.331325,0.31299,0.304953,0.322594,0.329062,0.327345,0.231014
0.231755,0.375125,0.372123,0.346625,0.351919,0.365261,0.364247,0.40274,0.377975,0.356842,0.415211,0.416754,0.399884,0.402539,0.410296,0.410247,0.436417,0.391734,0.358131,0.408628,0.3953,0.387938,0.387483,0.395063,0.398178,0.422826,0.362906,0.392426,0.448806,0.399784,0.355183,0.369953,0.378383,0.38977,0.375805,0.294888
0.256981,0.414918,0.41621,0.383481,0.400545,0.396166,0.406925,0.416444,0.40063,0.390765,0.445192,0.476349,0.464786,0.442696,0.474291,0.464303,0.47277,0.430129,0.40978,0.466292,0.453413,0.446828,0.426608,0.420607,0.438888,0.42335,0.395326,0.406299,0.467718,0.452036,0.434187,0.421987,0.431481,0.456106,0.453995,0.346175
0.263016,0.399778,0.364701,0.434087,0.429353,0.436582,0.448151,0.486073,0.46073,0.426212,0.459616,0.471054,0.441117,0.443919,0.435311,0.40064,0.430827,0.399239,0.369956,0.439413,0.400745,0.421861,0.422424,0.413262,0.447523,0.451433,0.443999,0.437733,0.506179,0.45361,0.444132,0.420549,0.436157,0.38146,0.414036,0.339781
0.335432,0.429087,0.463673,0.442392,0.478561,0.475351,0.505411,0.505422,0.508896,0.486134,0.506061,0.540046,0.524397,0.529694,0.473834,0.483758,0.499054,0.470277,0.45003,0.49962,0.459068,0.472397,0.491351,0.517932,0.505676,0.513087,0.49268,0.506352,0.526353,0.548518,0.487182,0.497,0.419015,0.469745,0.440244,0.394406
0.39314,0.506019,0.487836,0.508382,0.504828,0.523073,0.511088,0.559135,0.527039,0.50965,0.562586,0.577414,0.572975,0.54729,0.555539,0.545255,0.544468,0.523998,0.522673,0.517939,0.539506,0.504296,0.543836,0.542155,0.561503,0.527215,0.533723,0.532038,0.590583,0.533937,0.527004,0.486034,0.50778,0.454229,0.501206,0.412151
0.386239,0.49684,0.513078,0.540695,0.519987,0.547086,0.554702,0.588211,0.538236,0.499842,0.576625,0.586138,0.581773,0.57858,0.562972,0.579111,0.571952,0.525983,0.503466,0.564891,0.562561,0.584216,0.572956,0.587308,0.604142,0.602478,0.567655,0.519042,0.579712,0.554045,0.516713,0.517701,0.516118,0.50285,0.469981,0.424556
0.383566,0.477079,0.523537,0.512778,0.527298,0.519607,0.546957,0.572496,0.54451,0.539252,0.59733,0.582176,0.568984,0.586655,0.57861,0.561203,0.538975,0.485821,0.491429,0.515295,0.569222,0.558257,0.56045,0.543639,0.572292,0.594424,0.536866,0.567974,0.596619,0.576127,0.534366,0.517085,0.526099,0.531195,0.49267,0.434479
0.37865,0.537185,0.481479,0.509381,0.474123,0.520774,0.5102,0.573013,0.545785,0.524391,0.576356,0.554452,0.545791,0.543172,0.525104,0.531454,0.52114,0.49623,0.483555,0.49703,0.504763,0.502549,0.513195,0.530497,0.538134,0.542193,0.525466,0.532653,0.593121,0.535755,0.536974,0.510638,0.501285,0.486667,0.509752,0.417449
0.32139,0.41743,0.453684,0.419069,0.449493,0.446405,0.492985,0.484522,0.508496,0.459703,0.511304,0.51784,0.534545,0.504818,0.482786,0.467115,0.496839,0.434563,0.442108,0.45315,0.451661,0.444814,0.484564,0.503057,0.521619,0.4973,0.491715,0.494622,0.502617,0.547497,0.493366,0.512321,0.444909,0.479934,0.44425,0.381164
0.247175,0.357394,0.325166,0.39689,0.34903,0.374671,0.402208,0.480019,0.428025,0.410617,0.442919,0.452128,0.43858,0.438737,0.437852,0.396853,0.432599,0.369754,0.381188,0.415445,0.397453,0.4281,0.41618,0.449631,0.445478,0.467491,0.445103,0.425079,0.503993,0.466642,0.459506,0.438391,0.441998,0.376306,0.423524,0.327833
0.249984,0.397899,0.394184,0.371211,0.36709,0.370559,0.403056,0.419937,0.382615,0.354615,0.405886,0.434826,0.434284,0.449596,0.442866,0.470524,0.487664,0.433077,0.445057,0.487995,0.477741,0.459855,0.458478,0.453779,0.471664,0.462335,0.419489,0.378697,0.428347,0.451593,0.449057,0.428484,0.418683,0.437262,0.439256,0.357031
0.260197,0.382892,0.383137,0.365421,0.362883,0.356691,0.376928,0.403188,0.391378,0.346625,0.434413,0.405778,0.425773,0.417589,0.433555,0.440637,0.462358,0.415809,0.399273,0.455089,0.426607,0.42445,0.416264,0.420647,0.432256,0.443442,0.407924,0.386594,0.438094,0.415177,0.425995,0.415614,0.401213,0.419142,0.431579,0.337876
0.25564,0.348789,0.362094,0.336968,0.341462,0.354259,0.366417,0.41348,0.386363,0.35282,0.386806,0.407128,0.385751,0.40057,0.405833,0.422305,0.409444,0.381457,0.367553,0.412876,0.390811,0.407101,0.395203,0.394533,0.404081,0.418051,0.385714,0.394289,0.434636,0.432995,0.382249,0.385105,0.391848,0.418378,0.395759,0.309269
0.229214,0.31639,0.32747,0.314789,0.323566,0.338735,0.355172,0.395877,0.381165,0.350189,0.381435,0.379875,0.387711,0.386206,0.371489,0.397222,0.394855,0.352026,0.33148,0.366142,0.374405,0.373368,0.372458,0.374936,0.389171,0.40219,0.377313,0.372476,0.422442,0.398643,0.386204,0.347219,0.349764,0.359213,0.359724,0.264869
0.225984,0.299585,0.33602,0.365587,0.372896,0.32405,0.392,0.418264,0.378541,0.344468,0.381055,0.392403,0.38407,0.383548,0.353808,0.347569,0.34975,0.307429,0.331382,0.348265,0.395016,0.369492,0.388415,0.395586,0.424887,0.423808,0.37187,0.425339,0.431839,0.420515,0.358774,0.384114,0.346114,0.372925,0.339039,0.268217
0.275928,0.40317,0.342484,0.413161,0.399854,0.449384,0.427924,0.496639,0.433761,0.419575,0.469697,0.459863,0.433479,0.435329,0.426,0.395436,0.433885,0.385382,0.409817,0.46319,0.43233,0.450729,0.440487,0.453987,0.484491,0.50167,0.449345,0.468928,0.529497,0.467378,0.453464,0.435671,0.434682,0.393434,0.444119,0.330009
0.306785,0.371903,0.411149,0.376239,0.433029,0.424807,0.479185,0.447714,0.46239,0.43043,0.464575,0.475471,0.470676,0.47233,0.469012,0.461094,0.456252,0.414694,0.417654,0.458625,0.474062,0.470755,0.481983,0.479812,0.521829,0.490905,0.495735,0.512523,0.531368,0.546937,0.496167,0.483278,0.467977,0.499994,0.443352,0.363703
0.293877,0.409136,0.385074,0.442085,0.428753,0.471701,0.477793,0.533326,0.433188,0.478171,0.514575,0.520393,0.515426,0.521764,0.505277,0.505258,0.490848,0.410951,0.451198,0.482684,0.504499,0.511824,0.523569,0.54668,0.535594,0.556132,0.515958,0.498483,0.594174,0.572183,0.53682,0.518615,0.52336,0.493061,0.490371,0.345486
0.404725,0.515096,0.51839,0.522354,0.521987,0.519759,0.542494,0.56742,0.524176,0.488093,0.545903,0.577832,0.581989,0.586871,0.586066,0.608059,0.596048,0.54642,0.548008,0.591004,0.602754,0.615062,0.603071,0.593308,0.595789,0.573453,0.550584,0.534153,0.560017,0.613022,0.570454,0.578526,0.583557,0.601581,0.568069,0.440215
0.483691,0.5718,0.596698,0.592788,0.59972,0.591684,0.617404,0.660426,0.633742,0.605587,0.640892,0.628272,0.641038,0.651266,0.652725,0.654823,0.66105,0.586721,0.592596,0.650463,0.633054,0.652299,0.663195,0.655237,0.637129,0.659808,0.657192,0.602434,0.655306,0.63978,0.638002,0.628455,0.63125,0.637002,0.632672,0.4977
0.550504,0.654332,0.628173,0.644853,0.640052,0.631468,0.655501,0.694758,0.672236,0.66545,0.673285,0.666274,0.640937,0.661416,0.665737,0.694379,0.681633,0.633806,0.622617,0.683192,0.671859,0.67084,0.661978,0.659795,0.664092,0.695952,0.662927,0.6688,0.666177,0.678736,0.63915,0.646854,0.649525,0.665302,0.648658,0.540431
0.611556,0.635016,0.61389,0.605206,0.609236,0.609122,0.659527,0.665195,0.647353,0.637624,0.681836,0.654736,0.649529,0.63575,0.659744,0.676422,0.672354,0.601022,0.605028,0.646846,0.65175,0.648958,0.622386,0.630291,0.644227,0.690781,0.648469,0.633826,0.672461,0.66478,0.648772,0.624016,0.642621,0.643515,0.648302,0.58806
