0.44794,0.535135,0.52939,0.518596,0.521736,0.534946,0.543111,0.557921,0.527214,0.485558,0.503611,0.494578,0.502385,0.497087,0.491925,0.512512,0.494569,0.467462,0.459653,0.505267,0.495043,0.49606,0.492895,0.51287,0.521738,0.536115,0.514767,0.492307,0.516588,0.505252,0.47676,0.48371,0.485535,0.479419,0.495947,0.509205
0.414733,0.552625,0.560625,0.553489,0.56153,0.543374,0.583215,0.579421,0.584589,0.537163,0.564319,0.539215,0.534242,0.536369,0.54304,0.547204,0.558584,0.49813,0.523235,0.533549,0.538557,0.520384,0.528161,0.521296,0.539479,0.5397,0.54846,0.522316,0.576906,0.524473,0.518517,0.535359,0.536763,0.53456,0.551234,0.503674
0.352823,0.519022,0.509456,0.515955,0.517966,0.514109,0.51454,0.545066,0.502863,0.505773,0.512027,0.494345,0.505309,0.495322,0.498502,0.509639,0.522966,0.470157,0.460519,0.520965,0.499914,0.505237,0.490115,0.496223,0.480338,0.500675,0.489659,0.503543,0.520291,0.517125,0.501524,0.516265,0.498817,0.513743,0.513093,0.449675
0.321539,0.46585,0.467737,0.454481,0.458383,0.448216,0.455699,0.448932,0.443746,0.415224,0.461919,0.479403,0.50045,0.472711,0.492604,0.478535,0.478242,0.431002,0.415715,0.455552,0.47938,0.450622,0.445109,0.432581,0.450544,0.42497,0.416136,0.425908,0.48585,0.474398,0.46184,0.458774,0.474488,0.489644,0.463713,0.401319
0.243746,0.401744,0.395635,0.411725,0.411576,0.435447,0.435045,0.484773,0.404366,0.406972,0.41436,0.410259,0.387549,0.39355,0.368795,0.392174,0.367446,0.339785,0.322663,0.362495,0.390678,0.366175,0.391536,0.388362,0.411162,0.40928,0.415008,0.386516,0.479497,0.448284,0.424013,0.408324,0.41256,0.385305,0.383377,0.314775
0.236344,0.365263,0.391573,0.378698,0.405393,0.387163,0.415475,0.429641,0.418485,0.36959,0.375119,0.374192,0.376114,0.366971,0.37521,0.369896,0.360932,0.334155,0.339829,0.35368,0.366582,0.360016,0.347564,0.359581,0.36912,0.382792,0.362011,0.399523,0.391536,0.426865,0.399209,0.388063,0.343964,0.400083,0.337811,0.295658
0.223429,0.36767,0.325907,0.386984,0.384854,0.380363,0.38072,0.440288,0.412969,0.350105,0.391723,0.382228,0.377279,0.352505,0.371185,0.343001,0.365726,0.332716,0.349323,0.352469,0.334363,0.340276,0.351112,0.350283,0.377171,0.385783,0.370636,0.353618,0.462124,0.383214,0.410775,0.352856,0.386521,0.328012,0.368454,0.284226
0.185159,0.309622,0.329306,0.328018,0.346928,0.317802,0.367658,0.3774,0.370378,0.297637,0.346339,0.33836,0.330602,0.327391,0.311313,0.315906,0.316904,0.274698,0.278988,0.314188,0.30803,0.317684,0.325096,0.333842,0.343349,0.346593,0.325856,0.332985,0.38721,0.370455,0.320278,0.350411,0.319086,0.341328,0.300129,0.239642
0.197245,0.319712,0.31254,0.303976,0.307112,0.313502,0.329819,0.359601,0.339444,0.333138,0.350132,0.369913,0.328045,0.333144,0.317432,0.351274,0.344054,0.329894,0.312186,0.334597,0.318852,0.31133,0.317239,0.311951,0.325421,0.33662,0.313577,0.309487,0.341895,0.323889,0.295384,0.287645,0.283862,0.301901,0.28,0.232616
0.22142,0.334239,0.340244,0.333271,0.318494,0.318696,0.348281,0.360045,0.355937,0.340402,0.377169,0.366174,0.344674,0.337121,0.349355,0.361901,0.370862,0.31991,0.314564,0.341824,0.332931,0.322867,0.322589,0.31483,0.334788,0.349558,0.324388,0.310987,0.357084,0.319968,0.306641,0.30509,0.325429,0.313667,0.324578,0.237302
0.227355,0.345522,0.344513,0.331707,0.328019,0.338635,0.345362,0.369259,0.35581,0.34014,0.373118,0.379835,0.373312,0.362184,0.362298,0.36709,0.381882,0.348504,0.32267,0.367447,0.34976,0.345345,0.337248,0.347012,0.339937,0.365797,0.315173,0.347028,0.373708,0.349912,0.323737,0.328906,0.333674,0.341759,0.3376,0.26027
0.241664,0.381431,0.377786,0.344286,0.353029,0.342426,0.363048,0.370592,0.355446,0.353778,0.401654,0.408666,0.420924,0.39803,0.408323,0.422055,0.407564,0.376777,0.370181,0.396804,0.400364,0.389537,0.375703,0.362512,0.369509,0.360562,0.335577,0.341356,0.383302,0.381354,0.372014,0.359698,0.366307,0.386231,0.387056,0.300925
0.234787,0.364866,0.329987,0.394721,0.376932,0.377342,0.397588,0.436378,0.411417,0.392109,0.405475,0.411726,0.392157,0.405754,0.397365,0.354354,0.385141,0.343164,0.331298,0.385088,0.364326,0.373626,0.370611,0.363605,0.390679,0.394693,0.390627,0.385001,0.440709,0.380854,0.378147,0.354342,0.38227,0.324803,0.357757,0.293873
0.299198,0.405984,0.432173,0.408481,0.445265,0.438643,0.466734,0.465345,0.473164,0.460882,0.461377,0.492344,0.479411,0.476092,0.441446,0.43516,0.452574,0.426722,0.410816,0.45372,0.409129,0.434483,0.444354,0.456157,0.449923,0.446112,0.446699,0.456902,0.450999,0.481187,0.431089,0.442894,0.373904,0.426053,0.389335,0.354206
0.365591,0.473279,0.446397,0.479935,0.465248,0.480346,0.482839,0.526174,0.496402,0.488397,0.513958,0.513379,0.506717,0.489045,0.498537,0.492892,0.493803,0.476389,0.491265,0.470376,0.486879,0.466886,0.488408,0.480427,0.491287,0.471115,0.477971,0.471119,0.534112,0.472768,0.489807,0.438185,0.471129,0.42363,0.478814,0.392712
0.360433,0.479971,0.473331,0.498643,0.480733,0.510741,0.513778,0.546838,0.522412,0.487051,0.535474,0.527643,0.522535,0.522603,0.49908,0.5296,0.518146,0.481005,0.456491,0.507664,0.499227,0.538017,0.508654,0.54433,0.52097,0.532396,0.508432,0.485321,0.53644,0.523614,0.482533,0.486097,0.480873,0.479353,0.438853,0.405629
0.369401,0.454131,0.487778,0.483093,0.498407,0.482132,0.510717,0.535979,0.498696,0.512736,0.533396,0.517213,0.513771,0.518842,0.516782,0.511068,0.496404,0.453323,0.451757,0.47583,0.501623,0.507792,0.522647,0.505437,0.518519,0.52807,0.488493,0.506815,0.551853,0.536771,0.504451,0.493523,0.505917,0.505512,0.481472,0.411031
0.352832,0.494623,0.44971,0.480803,0.446158,0.495944,0.469634,0.541218,0.510668,0.494938,0.502017,0.497712,0.485969,0.48026,0.489441,0.47373,0.464289,0.456845,0.452395,0.454347,0.461971,0.472654,0.468762,0.488834,0.47614,0.498829,0.483185,0.492678,0.541739,0.500291,0.494121,0.480127,0.473795,0.458033,0.493056,0.397325
0.313181,0.395571,0.427832,0.392972,0.427746,0.419348,0.464284,0.440755,0.472532,0.427542,0.460241,0.466833,0.477891,0.448268,0.431895,0.433783,0.44676,0.394061,0.41283,0.418805,0.412621,0.424311,0.452139,0.451246,0.476749,0.44473,0.455132,0.464854,0.474438,0.499534,0.462325,0.476714,0.424693,0.449763,0.429348,0.360776
0.254183,0.362572,0.324434,0.398117,0.34892,0.365353,0.385395,0.46188,0.421628,0.389099,0.397438,0.405107,0.393417,0.394723,0.400968,0.354013,0.384587,0.336765,0.348954,0.377177,0.359014,0.391254,0.385972,0.402668,0.418268,0.434336,0.426245,0.400114,0.461743,0.418205,0.413929,0.402927,0.423907,0.36336,0.406505,0.311418
0.266427,0.381455,0.378311,0.366239,0.355969,0.357931,0.400604,0.4011,0.373123,0.358228,0.360783,0.397868,0.396974,0.405334,0.397586,0.422413,0.429562,0.390169,0.402774,0.429379,0.420201,0.410492,0.412933,0.40789,0.414602,0.413501,0.375954,0.365388,0.394756,0.406481,0.400131,0.40496,0.400678,0.417987,0.410592,0.32773
0.245335,0.349915,0.349644,0.339711,0.329343,0.33166,0.352278,0.369782,0.36051,0.328099,0.36789,0.348142,0.361278,0.359776,0.368441,0.36964,0.388335,0.355049,0.346716,0.389737,0.376063,0.372094,0.372133,0.361635,0.369767,0.387473,0.361358,0.347309,0.399054,0.374753,0.379381,0.369667,0.376548,0.375102,0.386909,0.298959
0.222847,0.312179,0.314393,0.30125,0.291012,0.312284,0.320203,0.349372,0.32916,0.317373,0.324584,0.344964,0.319302,0.334168,0.327104,0.350659,0.343817,0.320257,0.30715,0.351668,0.338387,0.344459,0.341555,0.329803,0.338334,0.355807,0.335217,0.339211,0.383036,0.383482,0.336254,0.352493,0.347344,0.3626,0.34486,0.275886
0.198712,0.278091,0.282741,0.286047,0.283633,0.293592,0.313641,0.341326,0.324357,0.313438,0.322798,0.320043,0.326503,0.31967,0.309823,0.338589,0.332321,0.303121,0.299678,0.320543,0.333881,0.328226,0.324036,0.319901,0.32995,0.348819,0.332366,0.336093,0.37864,0.362339,0.346727,0.323635,0.32369,0.336605,0.331012,0.255411
0.213598,0.287627,0.31617,0.337328,0.342882,0.299413,0.377839,0.374913,0.342373,0.32248,0.345888,0.347454,0.336343,0.340545,0.311622,0.318724,0.317129,0.282114,0.290254,0.313254,0.340019,0.333564,0.340473,0.338056,0.368077,0.366827,0.332029,0.391986,0.386654,0.392401,0.328682,0.364044,0.329993,0.348979,0.315712,0.250147
0.257201,0.373703,0.315383,0.377484,0.361447,0.402351,0.387236,0.455377,0.384435,0.385135,0.401704,0.390603,0.383356,0.386224,0.370019,0.347661,0.380037,0.342102,0.352486,0.393382,0.360121,0.386246,0.392548,0.394629,0.397016,0.43805,0.387509,0.4188,0.462365,0.404369,0.39925,0.374577,0.388364,0.343068,0.387188,0.285675
0.261479,0.323171,0.365618,0.33131,0.382496,0.351859,0.407439,0.386886,0.396538,0.375389,0.388807,0.393268,0.387831,0.376301,0.376913,0.368242,0.366752,0.325542,0.341356,0.371658,0.389384,0.391946,0.391742,0.374819,0.417892,0.404954,0.406059,0.424832,0.423337,0.434833,0.401748,0.389125,0.384473,0.406292,0.368636,0.290584
0.230918,0.343898,0.325592,0.37713,0.366454,0.393661,0.403915,0.455692,0.350895,0.401326,0.426934,0.422139,0.404492,0.416568,0.392644,0.390017,0.385482,0.326966,0.353156,0.38211,0.392449,0.400085,0.408135,0.433998,0.429807,0.447048,0.415212,0.386317,0.477381,0.455554,0.433343,0.409759,0.415169,0.402223,0.396018,0.273964
0.327318,0.433668,0.427416,0.431959,0.433715,0.423083,0.459181,0.467362,0.427149,0.414216,0.434131,0.468955,0.459352,0.47734,0.472073,0.485239,0.481842,0.439151,0.440212,0.470908,0.481869,0.484902,0.481835,0.475107,0.47659,0.464983,0.441008,0.426711,0.458958,0.50487,0.461528,0.471493,0.476495,0.497791,0.471164,0.372556
0.396915,0.482581,0.486991,0.48778,0.488112,0.48278,0.51361,0.54882,0.515565,0.506443,0.524365,0.498274,0.513596,0.512866,0.520927,0.536069,0.525321,0.472959,0.47664,0.526499,0.516408,0.528806,0.524661,0.525531,0.519405,0.543885,0.539008,0.496718,0.556961,0.528414,0.533539,0.523786,0.526072,0.531092,0.531127,0.406749
0.46133,0.532333,0.516348,0.524502,0.518287,0.521888,0.544582,0.577762,0.543651,0.551963,0.55023,0.542536,0.531143,0.542561,0.550856,0.562958,0.557321,0.525989,0.509672,0.568545,0.569071,0.55742,0.549899,0.550771,0.550852,0.577677,0.545476,0.562491,0.579566,0.573808,0.538164,0.550972,0.554758,0.565317,0.55309,0.468239
0.488242,0.489991,0.483423,0.486171,0.485182,0.484969,0.520879,0.536491,0.507401,0.526344,0.55556,0.531542,0.530895,0.51662,0.524963,0.529882,0.53274,0.484195,0.489703,0.516829,0.522268,0.516372,0.504252,0.532034,0.517635,0.549177,0.514923,0.515157,0.56805,0.544771,0.538921,0.528036,0.525213,0.52999,0.554958,0.492556
